date,o/c,volume,low,high,name
2015-01-02,-0.02028985507246385,2.3230287513904906,0.9856521739130436,1.0434710144927535,QRVO
2015-01-05,0.05054050259722039,2.497038418374982,0.9414572511582199,1.0009827319949458,QRVO
2015-01-06,0.047990578536729056,2.064848124049149,0.9277197114676873,1.0008817900780216,QRVO
2015-01-07,-0.025226888171050614,1.168803483949359,0.9769266266728195,1.0269189355483772,QRVO
2015-01-08,0.0038263428991906563,1.3846233106871908,0.9879323031640911,1.02560706401766,QRVO
2015-01-09,0.019576333089846652,0.5144031758194818,0.9731190650109569,1.0,QRVO
2015-01-12,0.02774892417272599,0.6933922880120523,0.9615669980709304,1.0089033981302864,QRVO
2015-01-13,0.010952236081533296,0.6776968212188319,0.967599634925464,1.0281411621539398,QRVO
2015-01-14,0.0009280742459397103,0.5400145830425475,0.9761794276875483,1.0123743232791955,QRVO
2015-01-15,-0.0024910477969795515,0.6865659933925058,0.9901914992993928,1.0110540245990969,QRVO
2015-01-16,-0.02796001249609507,0.7669810325103527,0.9967197750702906,1.0374882849109655,QRVO
2015-01-20,-0.033612167300380136,0.603633974948536,0.9920912547528518,1.0372623574144486,QRVO
2015-01-21,-0.018192575062860584,0.7993190683590842,0.9994083715426711,1.0471823694719715,QRVO
2015-01-22,-0.01538682772505023,0.7338407129429246,0.9639056658038538,1.0163934426229508,QRVO
2015-01-23,-0.03747171945701366,0.9237523370394497,0.997878959276018,1.05118778280543,QRVO
2015-01-26,-0.010359116022099447,0.865511604957913,0.9986187845303867,1.022099447513812,QRVO
2015-01-27,-0.010273972602739725,0.6864767895747784,0.9794520547945206,1.0120547945205478,QRVO
2015-01-28,-0.006666666666666667,1.6866156772722376,0.9896,1.0406666666666666,QRVO
2015-01-29,-0.04209078404401653,1.4518780334859958,0.9931224209078404,1.0437414030261347,QRVO
2015-01-30,0.010316184351554073,0.8938932862981794,0.9821811361200429,1.0083065380493035,QRVO
2015-02-02,0.05966064586754241,1.8437157143888858,0.9151614668856047,1.0125889436234263,QRVO
2015-02-03,0.0032004655222577665,1.4051220176164363,0.9754146057608379,1.0183299389002038,QRVO
2015-02-04,-0.011846586702206384,0.8257178919978917,0.9885976602991263,1.0276899155930697,QRVO
2015-02-05,0.0039905409399940295,0.7284526922240199,0.9828554537392847,1.0158143659473842,QRVO
2015-02-06,0.023851851851851843,0.7170401099634149,0.9708148148148148,1.0148148148148148,QRVO
2015-02-09,0.02239263803680983,0.8609831346061222,0.9716257668711656,1.0095782208588957,QRVO
2015-02-10,-0.01800532331297947,0.7194794489296641,0.9968686394238297,1.0195710036010648,QRVO
2015-02-11,0.0027722162328662685,0.6038255979643948,0.9728938857230863,1.0110888649314647,QRVO
2015-02-12,-0.008685052567423548,0.638207062008104,0.9904007313728479,1.0106658540301692,QRVO
2015-02-13,-0.05546345139412219,1.030181852482686,0.9891499623210249,1.0590806330067823,QRVO
2015-02-17,0.008000000000000033,0.5363038143532578,0.9722857142857143,1.0,QRVO
2015-02-18,0.023282718727404183,0.5818379581762921,0.9733911785972523,1.012292118582791,QRVO
2015-02-19,0.025373134328358252,0.674753645874678,0.9738805970149254,1.017462686567164,QRVO
2015-02-20,0.006100350770169155,0.8058232380812816,0.9766661583041026,1.0030501753850847,QRVO
2015-02-23,0.0016881522406384198,0.48992553810691425,0.9868017188459177,1.011049723756906,QRVO
2015-02-24,-0.060893512851897244,0.936146161295056,0.9975520195838434,1.0610465116279069,QRVO
2015-02-25,0.02523567802755633,0.5314636812802713,0.9659173313995648,1.0047860768672952,QRVO
2015-02-26,-0.05191176470588237,1.1653498645370983,0.9983823529411765,1.0547058823529412,QRVO
2015-02-27,0.019081272084805572,0.7713690894453502,0.9780918727915194,1.009583038869258,QRVO
2015-03-02,0.0005764519383197327,0.6210810302861443,0.9914973339097852,1.0203199308257673,QRVO
2015-03-03,-0.021337946943483333,0.8309412711025959,0.9854382929642445,1.0230680507497116,QRVO
2015-03-04,-0.025487683326213754,0.7695464682312905,0.9982913284920973,1.0430015662822154,QRVO
2015-03-05,-0.03199445983379504,0.8931080724458383,0.9975069252077562,1.0409972299168975,QRVO
2015-03-06,0.005857512600463052,0.5440788631576456,0.9910093992644055,1.0148481133360578,QRVO
2015-03-09,-0.021709448388858594,0.5928254457005665,0.9984980884762426,1.030174767886401,QRVO
2015-03-10,0.026709834075273033,0.7519105430820742,0.9677593416970187,1.002428166734116,QRVO
2015-03-11,-0.0038530342644832963,0.5724996399982741,0.9914682812715012,1.0127975780927478,QRVO
2015-03-12,-0.0010908099263703067,0.4376702720667158,0.9942732478865558,1.0137714753204252,QRVO
2015-03-13,0.010633946830265865,0.4195514348919012,0.9788684389911384,1.0087252897068848,QRVO
2015-03-16,-0.028567578493464557,1.0034746699677837,0.9971701926964022,1.0342271931006604,QRVO
2015-03-17,-0.020351890756302483,1.004774182374183,0.9965861344537816,1.0257352941176472,QRVO
2015-03-18,-0.026971487284870206,1.251531765278766,0.9978165938864628,1.0377600821988184,QRVO
2015-03-19,0.01398429833169775,1.0384871684257866,0.9716633954857703,1.0092001962708539,QRVO
2015-03-20,0.007858546168958749,2.6105662450177483,0.9785731827111984,1.000735510805501,QRVO
2015-03-23,-0.03622920517560071,1.1018394995194432,0.9990141712877386,1.0374614910659272,QRVO
2015-03-24,0.01643026004728133,0.986927912420202,0.9770685579196218,1.012145390070922,QRVO
2015-03-25,0.07684021543985639,2.053256583512239,0.9038898862956314,1.0028725314183125,QRVO
2015-03-26,-0.05020408163265303,1.6551443501216723,0.9809523809523809,1.0578231292517006,QRVO
2015-03-27,-0.02125466958650014,1.4508587972723328,0.9984542058482546,1.0394177508695093,QRVO
2015-03-30,-0.014709548740962438,1.0023607235278915,0.9936424831712789,1.0147095487409625,QRVO
2015-03-31,0.015198319535401012,1.1050844260494899,0.97059557642407,1.0008649450142098,QRVO
2015-04-01,-0.0034381764930599265,0.7875072714821065,0.99083152935184,1.0098051699987265,QRVO
2015-04-02,0.017803030303030258,0.8831227512688716,0.9680555555555556,1.0,QRVO
2015-04-06,0.004812695109261061,0.8884997591707731,0.9781477627471384,1.0035119667013528,QRVO
2015-04-07,0.04994810586403729,1.2399974913902738,0.9435651271406332,1.007913855734302,QRVO
2015-04-08,0.013008130081300728,1.1607520134381861,0.9825203252032522,1.018970189701897,QRVO
2015-04-09,-0.026406271489478775,0.7626700652943786,0.9795076330628525,1.0301196534176869,QRVO
2015-04-10,0.026848300489353275,0.7243168287983998,0.9623078957809813,1.004232244412115,QRVO
2015-04-13,0.015720287301802558,0.6848188099749193,0.9772326873560102,1.0180241225098252,QRVO
2015-04-14,0.025974025974025913,1.352961461802467,0.9574468085106383,1.010914617297596,QRVO
2015-04-15,0.001267605633802865,0.9441254978548567,0.9770422535211268,1.0140845070422535,QRVO
2015-04-16,-0.009322033898305037,0.8235004612942607,0.9690677966101695,1.0098870056497176,QRVO
2015-04-17,0.008910891089109047,0.6485646163997849,0.9845827439886845,1.0057991513437057,QRVO
2015-04-20,-0.02286931818181817,0.6700660403171884,1.0,1.0276988636363635,QRVO
2015-04-21,-0.02165517241379301,0.6387202592804616,0.993241379310345,1.0242758620689656,QRVO
2015-04-22,-0.003097643097643151,0.45035483469121146,0.983973063973064,1.003905723905724,QRVO
2015-04-23,0.00892736372244029,0.6176373224091867,0.9678073853645339,1.0002705261734073,QRVO
2015-04-24,0.04050355774493697,0.8996375716471436,0.9537534209085933,1.0002736726874657,QRVO
2015-04-27,0.00800800800800804,0.8330799601646527,0.9852709852709852,1.025168025168025,QRVO
2015-04-28,0.030155781049021002,1.1257466733112356,0.9352865513791624,1.0048306417035873,QRVO
2015-04-29,-0.015682793312620243,0.5474553928508826,0.9840213049267643,1.020861074123391,QRVO
2015-04-30,0.03738863735942752,0.8986629373423443,0.9610048196290346,1.0055484153643932,QRVO
2015-05-01,-0.04191616766467062,0.9409851930863422,0.9982035928143714,1.0420658682634731,QRVO
2015-05-04,0.012312097351467424,0.8929125949440283,0.9829649248389407,1.0093056549749464,QRVO
2015-05-05,0.02101882936797565,0.8438984009479252,0.9636549408845423,1.0103882644869362,QRVO
2015-05-06,-0.020088626292466757,1.1739101271938273,0.982274741506647,1.0251107828655834,QRVO
2015-05-07,0.026664949117609086,2.599754962565528,0.9430632487440422,1.0047661986345486,QRVO
2015-05-08,-0.0023566378633150934,1.0966728364223064,0.9977742864624247,1.020816967792616,QRVO
2015-05-11,0.018818265561257964,0.9349248398893809,0.97170680352678,1.0001315962626662,QRVO
2015-05-12,-0.008363685417509842,0.760749980649839,0.998246324025361,1.0232024821259948,QRVO
2015-05-13,0.005175846051758469,0.4427835230013862,0.9864631718646317,1.0099535500995356,QRVO
2015-05-14,-0.024078754822402584,0.8570135647172531,0.9982705866702143,1.027205001995477,QRVO
2015-05-15,0.0020860495436766176,0.9423204971480023,0.9886571056062581,1.0057366362451108,QRVO
2015-05-18,-0.059926082365364196,1.4695304778607172,0.9965681098204857,1.0611140443505807,QRVO
2015-05-19,0.008049535603715241,0.9052838429247777,0.9832817337461301,1.0141176470588236,QRVO
2015-05-20,-0.016917293233082813,0.6682208428282718,0.9949874686716793,1.0274436090225563,QRVO
2015-05-21,-0.0013555144793592042,1.067037896507055,0.9832409118915588,1.0086260012322859,QRVO
2015-05-22,-0.024756097560975625,1.6824054773318446,1.0,1.0322268292682928,QRVO
2015-05-26,0.011744966442953067,1.1879305445208332,0.9754314477468841,1.0034755512943434,QRVO
2015-05-27,-0.04146576663452281,1.5456510689880951,0.9968659594985536,1.0456846673095468,QRVO
2015-05-28,0.04535436724277923,1.272233658681724,0.9518617329776129,1.001391949889804,QRVO
2015-05-29,0.008688306986846854,1.5253874857018719,0.9898636418486786,1.0176179558344394,QRVO
2015-06-01,0.018909090909090938,1.2174245203784413,0.9707878787878789,1.0104630303030304,QRVO
2015-06-02,-0.003350291599453977,0.9381664625743265,0.9802705050254373,1.0045911403399925,QRVO
2015-06-03,-0.0024585125998771093,1.2463282092446681,0.9944683466502767,1.0068469575906578,QRVO
2015-06-04,-0.007932573128408357,0.6628471387714714,0.9925632126921169,1.0176003966286562,QRVO
2015-06-05,-0.03256846780162843,0.9918517429024142,0.9884036516160869,1.0344189489267208,QRVO
2015-06-08,0.03812035483097587,1.2075625427519125,0.9560057540158236,1.0041836490050344,QRVO
2015-06-09,0.0057135759532978255,1.5460122893858061,0.9638554216867469,1.006086200471991,QRVO
2015-06-10,-0.013824884792626729,3.3636876473293444,0.9866666666666667,1.016774193548387,QRVO
2015-06-11,0.005940113953206387,15.89494139696175,0.9898290701903265,1.0061825675839495,QRVO
2015-06-12,-0.018538846200756316,1.4542678147757298,0.9970728137577755,1.020856201975851,QRVO
2015-06-15,0.0039995152102775215,1.454148325711243,0.9944249181917343,1.0058174766694945,QRVO
2015-06-16,-0.030771101921673573,1.3636796859510087,0.9986621260034055,1.0336900997324252,QRVO
2015-06-17,0.0029477655936799903,1.042933042650052,0.9797193727154817,1.003065676217427,QRVO
2015-06-18,-0.00023632281696809917,1.108640464659882,0.988101146165662,1.009807396904171,QRVO
2015-06-19,-0.004240782188714801,1.5600249977409095,0.9934032277064436,1.016374131228649,QRVO
2015-06-22,-0.01785093311695846,1.4672904708822292,0.9952474788454851,1.0241103512229048,QRVO
2015-06-23,0.029465301478953394,1.359734344259547,0.9653014789533559,1.0006825938566553,QRVO
2015-06-24,0.006343239750969013,0.8196663490545332,0.9933043580406438,1.0088100552096793,QRVO
2015-06-25,-0.0027138643067847077,0.766090095614779,1.0,1.0130973451327434,QRVO
2015-06-26,0.052327637006482006,11.341176807077614,0.9388332351208014,1.0017666470241604,QRVO
2015-06-29,-0.0039365079365079655,1.5927396719311568,0.9883174603174603,1.0373333333333332,QRVO
2015-06-30,-0.00337499999999995,1.0780441058202352,0.98221,1.0125,QRVO
2015-07-01,0.010953846153846161,0.9028935109941936,0.9847384615384616,1.0123076923076924,QRVO
2015-07-02,-0.007928642220019828,0.6340051216804635,0.9935579781962339,1.010282457879088,QRVO
2015-07-06,0.00423254076932657,1.1682644065570433,0.9783393501805054,1.0199800821610856,QRVO
2015-07-07,0.004234649395939761,1.6994984706027942,0.9261427325943454,1.001743679163034,QRVO
2015-07-08,0.03551594989022343,1.801608759217304,0.9619114038486374,1.0002582978173833,QRVO
2015-07-09,0.02188728702490173,1.1075028406634324,0.9741808650065531,1.0127129750982962,QRVO
2015-07-10,-0.012496676415846819,1.302703370125832,0.9799255517149693,1.017016750864132,QRVO
2015-07-13,0.007256705973824054,0.7694892015828729,0.9749902811973564,1.013476739665673,QRVO
2015-07-14,-0.010630023334197474,0.5768078540099972,0.9972776769509982,1.017889551464869,QRVO
2015-07-15,0.009160305343511437,0.5788633963036786,0.9850763358778624,1.0063613231552162,QRVO
2015-07-16,-0.027795568079928293,0.8265344923786925,0.9952606635071092,1.0313820929934674,QRVO
2015-07-17,0.015972048914399815,0.731047862550867,0.9745445470426752,1.0081108060893438,QRVO
2015-07-20,0.022929936305732448,1.1660398175223603,0.9745222929936306,1.0137579617834396,QRVO
2015-07-21,-0.016137496720021044,0.9318517133045872,0.9893728680136447,1.0226974547362897,QRVO
2015-07-22,-0.022329427980703028,1.8422488071640353,0.9787732598208133,1.0321157822191591,QRVO
2015-07-23,-0.007094097175746234,0.9786881227382713,0.9963860259670727,1.0335965734172132,QRVO
2015-07-24,0.055286890602535665,1.0749880491017967,0.9436674944451705,1.0086250163377335,QRVO
2015-07-27,0.02113365990202946,1.0609208273025263,0.965850244926522,1.0,QRVO
2015-07-28,-0.0035460992907801418,0.755312402254419,0.9716312056737588,1.0082836879432624,QRVO
2015-07-29,-0.0019906156689890597,1.4111537374891887,0.9802360301436087,1.0073937153419592,QRVO
2015-07-30,0.002720527617477315,5.688900240331606,0.9414674361088211,1.0279967023907668,QRVO
2015-07-31,0.04388714733542314,2.416935041978331,0.9509981851179673,1.0029698069625474,QRVO
2015-08-03,0.0,2.0169621931550425,0.9831363004172461,1.0189499304589706,QRVO
2015-08-04,0.028581510232886336,3.1908750735531206,0.9592448835568101,1.0257586450247,QRVO
2015-08-05,0.0059825960841188965,2.3055503095244227,0.983502538071066,1.0302755620014503,QRVO
2015-08-06,0.052987392654851063,1.7619119590469123,0.9281929471953225,1.001827151470857,QRVO
2015-08-07,-0.012805587892898792,1.031950510893429,0.989522700814901,1.029685681024447,QRVO
2015-08-10,-0.025385483264385136,1.1896936965230747,0.9998119593832269,1.0361037984204589,QRVO
2015-08-11,-0.006728971962616812,1.2727176719890227,0.9930841121495327,1.0263551401869158,QRVO
2015-08-12,-0.0800151687523701,1.8458334790986362,0.9804702313234737,1.0921501706484642,QRVO
2015-08-13,-0.01904595491874897,1.9318573459163055,0.9757120391403111,1.0428097151843438,QRVO
2015-08-14,-0.011462313303230352,1.3861524403281105,0.977943730461966,1.0191038555053837,QRVO
2015-08-17,-0.009876971062207595,0.6892845072697907,0.9937619130133426,1.0124761739733148,QRVO
2015-08-18,0.028993055555555584,0.8732976665793042,0.9696180555555556,1.0059027777777778,QRVO
2015-08-19,0.005545617173524064,1.0022434370268056,0.9840787119856887,1.016994633273703,QRVO
2015-08-20,0.04120124519318806,1.3212484033186773,0.9564182384178721,1.0136421900750778,QRVO
2015-08-21,0.03550067528458415,2.039575911589788,0.9619911248311789,1.0030870152421378,QRVO
2015-08-24,-0.06593406593406594,2.190539607072151,0.989010989010989,1.1224175824175824,QRVO
2015-08-25,0.03823131878741064,1.4625791877681824,0.9611894188067195,1.0228229387912724,QRVO
2015-08-26,-0.02090187729823879,1.2945340624727228,0.9632281788271725,1.0251596671182504,QRVO
2015-08-27,-0.011269166820617023,1.3990187144331618,0.9979678551634953,1.0325143173840754,QRVO
2015-08-28,-0.026117344123597605,0.9680106460126422,0.9972411256207467,1.0285083685856171,QRVO
2015-08-31,-0.013141084139441483,1.1523690571352116,0.988684066435481,1.0271947435663442,QRVO
2015-09-01,0.008164780107626604,1.2660741901317325,0.9857116348116534,1.0380404527741696,QRVO
2015-09-02,-0.0012785388127853933,1.0600552198860607,0.9773515981735159,1.012600913242009,QRVO
2015-09-03,-0.02854545454545455,1.2564825771626367,0.9974545454545455,1.061090909090909,QRVO
2015-09-04,-0.009043226623259178,0.733574753412293,0.9896907216494846,1.0244167118827998,QRVO
2015-09-08,-0.02016129032258062,0.7771012606956107,0.9936886395511921,1.023842917251052,QRVO
2015-09-09,0.03399385035872911,1.1452944234922389,0.9574649812094295,1.0155449265459515,QRVO
2015-09-10,0.05265005265005265,1.636098784396023,0.9408564408564409,1.0031590031590032,QRVO
2015-09-11,0.004649432769202157,0.8436010548888339,0.978426631950902,1.0113446159568533,QRVO
2015-09-14,0.011275415896487975,0.8480551887258518,0.9780036968576709,1.0073382624768945,QRVO
2015-09-15,0.020980319346453818,1.0052978418226937,0.960453026364649,1.0040846639435574,QRVO
2015-09-16,0.01709726443768994,0.8929753680009476,0.9745440729483282,1.0121580547112463,QRVO
2015-09-17,0.0019421246844047663,0.8415642343840584,0.9946475043697804,1.0227228588075354,QRVO
2015-09-18,-0.0005917159763312432,1.6905318349986405,0.9816568047337279,1.0203155818540433,QRVO
2015-09-21,0.02099274082793801,0.8408847435749497,0.9770453207769275,1.0074553659015106,QRVO
2015-09-22,0.038563020093363216,1.1162051686595051,0.9577836411609497,1.0111629795007102,QRVO
2015-09-23,-0.002294056308654837,0.8144831667318914,0.9968717413972887,1.0387904066736184,QRVO
2015-09-24,0.018673940411246193,0.9825360009992531,0.9626542173730592,1.0062945866554764,QRVO
2015-09-25,-0.0037894736842105205,0.9438799120356812,0.9896842105263157,1.0347368421052632,QRVO
2015-09-28,0.07029234737747211,1.7481228108769775,0.9273430782459157,1.0096732588134134,QRVO
2015-09-29,-0.013020227853987498,0.8527758327343516,0.9934898860730063,1.03859567542432,QRVO
2015-09-30,-0.018539452860049748,1.0528963381930119,0.9957042731177934,1.028035270178612,QRVO
2015-10-01,0.01866846603688705,1.2796138979965406,0.9543409806567701,1.0038236617183987,QRVO
2015-10-02,-0.048507462686567124,0.7746349403277033,0.9850746268656716,1.0489738805970148,QRVO
2015-10-05,0.012789415656008782,0.6382147709800063,0.9834619625137817,1.0112458654906284,QRVO
2015-10-06,0.012268570153914726,0.9373382987356722,0.9518179790318984,1.0046843631496767,QRVO
2015-10-07,-0.018104604380867122,0.9002840240052422,0.9874832364774251,1.0221278497988375,QRVO
2015-10-08,-0.00022099447513807758,0.768955630599059,0.9653038674033149,1.0039779005524863,QRVO
2015-10-09,-0.013990672884743403,0.5655191659406803,0.9973351099267154,1.0276482345103264,QRVO
2015-10-12,-0.012649945474372917,0.6961790813547581,0.9866957470010905,1.0191930207197382,QRVO
2015-10-13,0.04043478260869564,0.8535087357059267,0.9552152173913043,1.004304347826087,QRVO
2015-10-14,-0.046590141796083735,1.1733247959700974,0.994823317578213,1.0571685797884312,QRVO
2015-10-15,-0.026561835954101148,1.0412568919021372,0.9961750956226094,1.036761580960476,QRVO
2015-10-16,0.02312138728323694,0.5294296139797466,0.9605697770437656,1.0,QRVO
2015-10-19,0.009304292662296421,0.4655233381908199,0.9788538803129626,1.0088813702685557,QRVO
2015-10-20,-0.021619330224671537,0.6494120526681952,0.9889783806697753,1.022679101314116,QRVO
2015-10-21,-0.00041254125412547706,0.7588937703439189,0.986798679867987,1.0086633663366338,QRVO
2015-10-22,-0.006091370558375577,0.8043557802155811,0.9910659898477158,1.0316751269035533,QRVO
2015-10-23,-0.027738974256635414,0.7177680571673385,0.9778487327878667,1.030233486330074,QRVO
2015-10-26,0.08115543328748286,1.0602407858525675,0.9123599921399096,1.001179013558656,QRVO
2015-10-27,0.007783783783783771,0.9323731701896972,0.9783783783783784,1.0108108108108107,QRVO
2015-10-28,0.03893617021276592,1.2908855161995023,0.9468085106382979,1.0014893617021277,QRVO
2015-10-29,0.002050113895216317,0.874283864341957,0.9906628701594533,1.0289293849658314,QRVO
2015-10-30,0.003176764238711154,0.7225162332183467,0.9904697072838665,1.0165645563875652,QRVO
2015-11-02,-0.02583276682528893,0.6732570040439184,0.9961477452979832,1.0333106730115567,QRVO
2015-11-03,-0.017133956386292906,1.6845056215343897,0.9924343569203383,1.0298175344904317,QRVO
2015-11-04,-0.015481901439162688,0.9458412947439836,0.9871347579590057,1.025948539031836,QRVO
2015-11-05,0.03654627057063477,1.3912915713827387,0.9478521051506733,1.001508869416542,QRVO
2015-11-06,-0.09782608695652165,2.883689613110129,0.9982213438735177,1.1033596837944664,QRVO
2015-11-09,0.01957585644371938,0.97441845358606,0.9621170926228022,1.0001812579300344,QRVO
2015-11-10,-0.005576923076923061,1.4711664318265696,0.9865384615384615,1.0188461538461537,QRVO
2015-11-11,0.0024842346646282336,0.6185150439243562,0.9854767819606345,1.0112726925281865,QRVO
2015-11-12,0.014882102821801375,1.0815560931626138,0.968206416698879,1.008504058755315,QRVO
2015-11-13,-0.01030110935023778,0.9184028611800568,0.9960380348652933,1.0307052297939778,QRVO
2015-11-16,-0.023090586145648344,1.0859926064924263,0.9978290901914347,1.0258535622656404,QRVO
2015-11-17,-0.05269230769230773,1.5035865131619763,0.9998076923076924,1.0584615384615383,QRVO
2015-11-18,-0.020652173913043487,1.5403291251712106,0.9820652173913044,1.0319565217391304,QRVO
2015-11-19,0.013793103448275758,0.9604630118793741,0.9667550839964634,1.0129089301503096,QRVO
2015-11-20,0.020736503396496186,1.0009868746067196,0.9747407937075439,1.0028602073650341,QRVO
2015-11-23,-0.0036596523330284145,1.0303905453649,0.9892040256175664,1.0129917657822507,QRVO
2015-11-24,-0.02199816681943177,1.237132507046844,0.9912007332722274,1.0287809349220898,QRVO
2015-11-25,-0.030368373764600266,0.9585324650586813,1.0,1.0465408805031446,QRVO
2015-11-27,-0.0013930001741249921,1.0301157755806656,0.9839804979975623,1.0052237506529689,QRVO
2015-11-30,-0.007285342584562042,0.8192484126492547,0.9856027753686036,1.013529921942758,QRVO
2015-12-01,0.004630423598010686,1.0956145047082815,0.9818212999485508,1.02538158120391,QRVO
2015-12-02,-0.006540447504302847,0.6706579792311202,0.9958691910499139,1.0228915662650602,QRVO
2015-12-03,0.020404721753794163,0.8387130160618826,0.975885328836425,1.0118043844856661,QRVO
2015-12-04,-0.025667527993109424,0.679230906627403,0.995176571920758,1.0327304048234283,QRVO
2015-12-07,0.027834008097165967,0.6232791885600194,0.9691295546558705,1.0020242914979756,QRVO
2015-12-08,-0.004912280701754406,0.5033633774144413,0.9828070175438597,1.0112280701754386,QRVO
2015-12-09,0.015430475188497326,0.7830437767506357,0.9619796598281606,1.0085919691390497,QRVO
2015-12-10,-0.02313167259786472,0.6983458531001736,0.994306049822064,1.031494661921708,QRVO
2015-12-11,0.008470089994706264,0.6778587096287817,0.9874713252161638,1.0172931004058585,QRVO
2015-12-14,0.06386014983945781,1.0531848739985006,0.9295397788084195,1.0076703531930076,QRVO
2015-12-15,0.013549618320610704,1.0331371419255435,0.9648854961832062,1.0158396946564885,QRVO
2015-12-16,-0.019146084625694046,1.3410890944319707,0.9613249090560981,1.0264215967834578,QRVO
2015-12-17,0.013465494669908339,0.47889620187802695,0.9745184215447915,1.0115952870768656,QRVO
2015-12-18,0.01657142857142852,1.1822093860875762,0.9775238095238096,1.0146666666666668,QRVO
2015-12-21,-0.028532870638133874,0.7545811512053944,0.9666473877000193,1.0294968189705032,QRVO
2015-12-22,0.020373831775701,0.48650385586396344,0.9650467289719626,1.0037383177570094,QRVO
2015-12-23,-0.034607339798440634,0.5864671958036638,0.9937250427837991,1.0418330481080051,QRVO
2015-12-24,0.001473567876220267,0.26575138839031665,0.9977896481856696,1.0104991711180695,QRVO
2015-12-28,0.020555555555555546,0.5388747564826973,0.9635185185185186,1.0016648148148148,QRVO
2015-12-29,0.0035727717186911944,0.6247053483619573,0.9665287702143662,1.010154193305754,QRVO
2015-12-30,0.024546827794562014,0.5371027942268531,0.974320241691843,1.0060422960725075,QRVO
2015-12-31,0.009920248978797862,0.8479891118238315,0.962458665629255,1.008169616806069,QRVO
2016-01-04,-0.020933977455716568,0.8502500431546259,0.9806763285024155,1.0225442834138485,QRVO
2016-01-05,0.06363278171788804,0.8875284287110747,0.9330181245074862,1.0041371158392436,QRVO
2016-01-06,0.04372053150450063,1.4562049692866248,0.9464209172738962,1.0006429489927133,QRVO
2016-01-07,-0.025617977528089902,1.9876895749192025,0.9912359550561798,1.0586516853932584,QRVO
2016-01-08,-0.03344947735191649,4.253377341377333,0.9849012775842044,1.0527293844367016,QRVO
2016-01-11,0.009852216748768423,1.1893539511185203,0.9583519928347515,1.0044782803403494,QRVO
2016-01-12,-0.009240477800315613,0.7257787802555987,0.9918864097363084,1.031552851025468,QRVO
2016-01-13,0.008591065292096254,3.1855960797225493,0.9548355424644084,1.0370643102601864,QRVO
2016-01-14,0.028106508875739657,1.224215573983577,0.960552268244576,1.0019723865877712,QRVO
2016-01-15,0.034810126582278486,1.9600325369377585,0.9272151898734176,1.003428270042194,QRVO
2016-01-19,0.024724536414942266,1.0941448442791801,0.9599596882558452,1.0072561139478633,QRVO
2016-01-20,-0.042487338210467025,1.0377851013418211,0.993528418683174,1.0675295441755768,QRVO
2016-01-21,-0.010413885180240334,0.7505504601821565,0.9773030707610146,1.0253671562082776,QRVO
2016-01-22,-0.05797474877608863,1.5443785379833543,0.9858283947436227,1.060293738727132,QRVO
2016-01-25,0.0247731174883494,0.7507117979512561,0.9683590875643854,1.000981113563895,QRVO
2016-01-26,0.010945273631840915,0.8259475092324122,0.9707711442786069,1.007462686567164,QRVO
2016-01-27,0.05825489697278044,1.278117256165781,0.9361485627066903,1.0027982701602645,QRVO
2016-01-28,0.01132380695605289,1.0346514042635087,0.9741170126718792,1.0167160959827446,QRVO
2016-01-29,-0.06280193236714986,1.3639483986858911,0.9978529253891573,1.0730005367686526,QRVO
2016-02-01,-0.01318124207858038,0.9682463202965145,0.9718631178707224,1.0278833967046894,QRVO
2016-02-02,0.05350318471337583,0.7554797970728704,0.9444585987261147,1.002547770700637,QRVO
2016-02-03,0.004833512352309337,0.7166541107274463,0.9538131041890441,1.0093984962406015,QRVO
2016-02-04,-0.03717571543193369,1.5328497705033637,0.9919764642952662,1.0414549344744584,QRVO
2016-02-05,-0.017759562841530015,2.010678830413763,0.953551912568306,1.0437158469945356,QRVO
2016-02-08,0.005189838841846428,1.355052245110559,0.967768369298006,1.0166621141764545,QRVO
2016-02-09,0.01430575035063108,0.937536529441733,0.982608695652174,1.0395511921458627,QRVO
2016-02-10,-0.002267573696145076,0.7243377531507061,0.9807256235827665,1.0393990929705215,QRVO
2016-02-11,0.000289519397799595,0.8614418184343131,0.964099594672843,1.0104226983207876,QRVO
2016-02-12,-0.06676136363636347,1.151305219012685,0.9892045454545454,1.071875,QRVO
2016-02-16,-0.06977964323189936,1.489150912633943,0.9839979013641134,1.0815844700944386,QRVO
2016-02-17,-0.00873150618481704,2.2686557206405418,0.9953917050691244,1.0846471016250303,QRVO
2016-02-18,0.028605769230769344,1.2759394716033623,0.9596153846153846,1.016826923076923,QRVO
2016-02-19,-0.043120638085742874,1.0588829055160505,0.9997507477567299,1.0496011964107677,QRVO
2016-02-22,0.019397055386772572,1.1058217341478662,0.9634844589857443,1.004907688712316,QRVO
2016-02-23,0.005751258087706564,0.7847777447878183,0.9813084112149534,1.0141385094656123,QRVO
2016-02-24,-0.02903855539287469,0.8176856939164748,0.9892630551488532,1.0363591996095658,QRVO
2016-02-25,-0.008508626802174414,0.7955223996971681,0.9792011344835736,1.0177263058378634,QRVO
2016-02-26,-0.00882079851439189,1.3785007350741605,0.9916434540389972,1.0246053853296193,QRVO
2016-02-29,-0.03632183908045973,1.2387062385966272,0.9993103448275862,1.072183908045977,QRVO
2016-03-01,-0.04042179261862909,1.3000784651930757,0.9995606326889279,1.0598088752196835,QRVO
2016-03-02,-0.02121731675953712,1.0054569770283925,0.9997856836690956,1.0349335619374196,QRVO
2016-03-03,-0.02891263356379641,1.0342252082454777,0.9895244081290593,1.0293316572386342,QRVO
2016-03-04,-0.006860371267150853,1.3745620010729007,0.9804277643260695,1.0254237288135593,QRVO
2016-03-07,0.008888888888888844,1.2316238959817523,0.9773232323232323,1.0115151515151515,QRVO
2016-03-08,0.03721120425270892,1.2812939032304067,0.9580862809241465,1.00388468615825,QRVO
2016-03-09,-0.013462347496844775,0.7886305788164516,0.9724442574673958,1.0239798064787546,QRVO
2016-03-10,0.01659751037344407,0.7488286062436778,0.9684647302904563,1.015143153526971,QRVO
2016-03-11,-0.011857707509881429,0.583354973718508,0.9884543374245891,1.0216351154566257,QRVO
2016-03-14,-0.00869385220451241,0.8891071160285096,0.9850962533636929,1.0169737114469055,QRVO
2016-03-15,0.0018233387358184017,0.6821674742813549,0.9744732576985413,1.010940032414911,QRVO
2016-03-16,-0.0012262415695892556,0.8773977383496634,0.9838544860004088,1.0253423257715104,QRVO
2016-03-17,-0.01047443006777583,0.7449306196653306,0.9907578558225509,1.015198192647361,QRVO
2016-03-18,-0.026321117635148758,1.5037335342689715,0.9953431868799352,1.0356347438752784,QRVO
2016-03-21,0.0001974333662388551,0.41670021656972556,0.9877591312931886,1.0108588351431393,QRVO
2016-03-22,-0.027805362462760646,0.6752382098228269,0.9966236345580933,1.0297914597815292,QRVO
2016-03-23,0.04253673627223503,0.49923962808752476,0.95707656612529,1.0011600928074247,QRVO
2016-03-24,-0.00020312817387782076,0.713641003995321,0.9867966686979485,1.0048750761730652,QRVO
2016-03-28,0.0112766814337494,0.47569807982024476,0.9836890857833267,1.000201369311317,QRVO
2016-03-29,-0.0364754098360656,0.5687651937524273,0.9879098360655738,1.0387295081967214,QRVO
2016-03-30,-0.004509803921568566,0.6997230058664465,0.995686274509804,1.0186274509803923,QRVO
2016-03-31,0.011762399529504046,0.5670934481313138,0.9874534405018623,1.0047049598118016,QRVO
2016-04-01,-0.013359920239282189,0.6779936166370731,0.9880358923230309,1.022333000997009,QRVO
2016-04-04,0.0060867857844100195,0.4204197955126179,0.9884154722167682,1.0062831337129394,QRVO
2016-04-05,0.0033979612232660746,0.4233414958636152,0.993004197481511,1.0117929242454526,QRVO
2016-04-06,-0.010606363818290998,0.6433660161333384,0.9692815689413649,1.0122073243946368,QRVO
2016-04-07,0.02246740220661995,0.6047341553671739,0.9757271815446339,1.01283851554664,QRVO
2016-04-08,0.0038438195427877345,0.629516848110735,0.9868500910378313,1.0074853327938498,QRVO
2016-04-11,0.02873912163529639,0.4988161852737447,0.9704513256425826,1.0012143290831816,QRVO
2016-04-12,0.005838198498748981,0.6587470670011122,0.9833194328607172,1.0079232693911593,QRVO
2016-04-13,-0.040332640332640286,0.6968106664099021,0.9941787941787942,1.0428274428274427,QRVO
2016-04-14,-0.004452539971665776,0.4878391599256235,0.9876543209876544,1.0099170208459827,QRVO
2016-04-15,0.03144654088050309,0.8110427627000347,0.9659160073037127,1.0101440454453237,QRVO
2016-04-18,0.002959830866807623,0.7440424359740078,0.9864693446088795,1.0046511627906978,QRVO
2016-04-19,0.03703703703703693,1.2846957624027513,0.9550872711792252,1.0004257130693912,QRVO
2016-04-20,-0.01952951620062129,0.9191027257006217,0.9892587660896582,1.027075011096316,QRVO
2016-04-21,0.011120802442215395,0.6967765266771917,0.9736153510684692,1.010248582642826,QRVO
2016-04-22,-0.009721608484312966,0.47338153376358333,0.9995581087052586,1.0240830755634114,QRVO
2016-04-25,0.010325131810193452,0.35217391918350843,0.9780316344463972,1.0039543057996485,QRVO
2016-04-26,-0.019374724790840937,0.5961320440058321,0.9947159841479524,1.0332452664024658,QRVO
2016-04-27,-0.05237020316027089,1.275883306236645,1.0,1.069525959367946,QRVO
2016-04-28,0.008652390222799018,0.7614740733678114,0.9872377244213715,1.0140601341120485,QRVO
2016-04-29,0.014013575651412317,1.174091838674383,0.962776439675936,1.0180643748631486,QRVO
2016-05-02,0.007987574883514521,0.6588120426214321,0.976259152429554,1.001109385400488,QRVO
2016-05-03,-0.016245487364620913,0.7891861754342722,1.0,1.0196299638989168,QRVO
2016-05-04,-0.0006744604316547019,1.3134480250351817,0.9844874100719425,1.021357913669065,QRVO
2016-05-05,0.025887265135699417,2.5841365854913314,0.9709812108559499,1.0219206680584552,QRVO
2016-05-06,0.011575562700964612,0.9642646363089417,0.9650589496248662,1.0038135048231511,QRVO
2016-05-09,0.014047979252215381,0.5034448722602662,0.9811973200778041,1.0067797709098767,QRVO
2016-05-10,-0.017008286088094224,0.6706464157732667,0.9825556040122111,1.022241604884431,QRVO
2016-05-11,0.008836206896551652,0.4015195989714133,0.9907327586206897,1.010344827586207,QRVO
2016-05-12,0.021866204806235075,0.9266134668969284,0.9638449880926608,1.007577397705131,QRVO
2016-05-13,0.005526083112290008,0.6975639430929335,0.9840848806366048,1.0251989389920424,QRVO
2016-05-16,-0.011769931157006466,0.6911880726888253,0.9993337774816788,1.0306462358427715,QRVO
2016-05-17,-0.006368028107158523,0.7090850016010218,0.9940711462450593,1.0254721124286343,QRVO
2016-05-18,-0.03484549638395784,1.1322585520053354,0.9938636861713784,1.0449265833881218,QRVO
2016-05-19,-0.009847998287304665,0.9342392920309204,0.992721044744166,1.0291158210233355,QRVO
2016-05-20,-0.03650860260176253,0.9815988102722653,0.9945446915652539,1.0375577003776753,QRVO
2016-05-23,-0.007999999999999972,1.0512141303957454,1.0,1.0312000000000001,QRVO
2016-05-24,-0.004729996058336517,0.5157753728181032,0.9865983445013796,1.0155695703586913,QRVO
2016-05-25,0.006278202864430062,0.5316387850706251,0.985677849715519,1.0094173042966452,QRVO
2016-05-26,0.003942440370589311,0.43316823247573316,0.9897496550364676,1.0061107825744136,QRVO
2016-05-27,-0.0029773719730051326,0.5541721099412454,0.9884874950377133,1.0057562524811432,QRVO
2016-05-31,-0.004334975369458106,0.6853733053110396,0.9901477832512315,1.0133990147783252,QRVO
2016-06-01,-0.0294175715695953,0.8670137531971743,0.9970384995064167,1.0333662388943732,QRVO
2016-06-02,-0.028653846153846193,0.9989676746091496,0.9998076923076924,1.0334615384615384,QRVO
2016-06-03,0.006111111111111079,1.1866849949177507,0.9764814814814814,1.0124074074074074,QRVO
2016-06-06,-0.01858390633711206,0.964913841871291,1.0,1.0241590782382457,QRVO
2016-06-07,-0.010378732702112169,0.652719201614311,0.9958120903131827,1.0178441369264384,QRVO
2016-06-08,-0.00863930885529152,0.7817150803791777,0.9890208783297336,1.0104391648668105,QRVO
2016-06-09,-0.0010712372790573517,0.7516671598262995,0.9855382967327264,1.0087484377789682,QRVO
2016-06-10,0.024729241877256274,1.270898905260914,0.9725631768953069,1.0,QRVO
2016-06-13,-0.003363857222948976,0.9871206367177612,0.9979443094748646,1.0177536908988976,QRVO
2016-06-14,-0.01605376143363822,0.7215504091671501,0.9968265820421878,1.0182938211685644,QRVO
2016-06-15,-0.004020467836257289,0.8621548983352821,0.9824561403508771,1.0098684210526316,QRVO
2016-06-16,-0.011068068622025482,0.5792659147651522,0.9869027854639365,1.0119904076738608,QRVO
2016-06-17,0.0045662100456621,0.8298719265715675,0.9780821917808219,1.0014611872146117,QRVO
2016-06-20,-0.00828530259365983,0.8036184721172046,0.9893731988472622,1.0221541786743515,QRVO
2016-06-21,-0.00017755681818178287,0.5273872870664694,0.9868607954545454,1.0046164772727273,QRVO
2016-06-22,0.011020263064344072,0.8025529820721273,0.9875577675079986,1.0139530750088874,QRVO
2016-06-23,-0.037934105075690165,0.7346176671825133,0.9973285841495994,1.0382902938557435,QRVO
2016-06-24,0.022419928825622867,2.382654895851053,0.9624555160142348,1.0140569395017793,QRVO
2016-06-27,0.061122430079644456,1.0527091203039545,0.930727912576403,1.001111316910539,QRVO
2016-06-28,-0.01814321559544485,0.7906718044480284,0.989384288747346,1.0303030303030303,QRVO
2016-06-29,-0.0291902071563088,0.9559752889504959,0.9958097928436911,1.0335216572504708,QRVO
2016-06-30,-0.008578207702135406,0.7984242769775594,0.982661069538237,1.0085782077021355,QRVO
2016-07-01,-0.0018382352941176733,0.8314054613392884,0.9731617647058823,1.0064338235294117,QRVO
2016-07-05,0.03590697674418604,0.8403330014430802,0.941953488372093,1.0046511627906978,QRVO
2016-07-06,-0.020974946591571144,0.6955133565669037,0.9798019032821907,1.0231112837444163,QRVO
2016-07-07,-0.01702207257762807,0.6965358966256677,0.9998129442573888,1.027684249906472,QRVO
2016-07-08,-0.02151714077315827,0.5971958821283587,0.9974471188913202,1.0257111597374178,QRVO
2016-07-11,-0.013874253600280982,0.8789835839981505,0.9910432033719705,1.0305584826132772,QRVO
2016-07-12,0.0036076275554028665,0.6291815078329821,0.9891771173337914,1.0075588386875107,QRVO
2016-07-13,0.030287474332648803,0.7002301460894523,0.9693702943189596,1.001009582477755,QRVO
2016-07-14,-0.030761209593326438,0.8459611015726587,0.9916579770594369,1.0337156760514425,QRVO
2016-07-15,0.0013445378151260218,0.5537299453385597,0.986218487394958,1.0016806722689076,QRVO
2016-07-18,-0.014550928248871007,0.7340114116064771,0.99581869877906,1.0199029938116742,QRVO
2016-07-19,-0.0014922898358480567,0.418977667126025,0.996517990383021,1.0051235284364117,QRVO
2016-07-20,-0.0013175230566534633,0.6168014495986299,0.9850131752305666,1.007411067193676,QRVO
2016-07-21,0.01845500571615214,0.7140077308015337,0.9759921607055365,1.0031030540584682,QRVO
2016-07-22,-0.01952861952861959,1.155606274693356,0.9843451178451179,1.026936026936027,QRVO
2016-07-25,0.002468323185782552,0.6586793381765413,0.9929241402007569,1.005923975645878,QRVO
2016-07-26,0.012268935056437101,1.19606020603273,0.982823490920988,1.0101423196466546,QRVO
2016-07-27,0.018535825545171414,1.5780370105907913,0.9685358255451713,1.0093457943925233,QRVO
2016-07-28,-0.0015873015873016099,0.7443408833147994,0.9923809523809525,1.0219047619047619,QRVO
2016-07-29,-0.003650793650793601,1.4023396294005317,0.9807936507936508,1.0069841269841269,QRVO
2016-08-01,0.00047244094488190766,0.9953527174277893,0.9937007874015749,1.0154330708661419,QRVO
2016-08-02,0.02983896431954532,1.8493735491243732,0.9646353015472056,1.0,QRVO
2016-08-03,0.006846846846846893,4.395502700573632,0.9738738738738738,1.0181981981981982,QRVO
2016-08-04,0.037137191274562865,2.5721254566265923,0.9457364341085271,1.0005408328826393,QRVO
2016-08-05,-0.023424428332403754,1.5097988432335843,0.9914110429447853,1.027514407882506,QRVO
2016-08-08,0.014340170629878494,1.249890304904412,0.9813940824106008,1.0063786531130876,QRVO
2016-08-09,-0.002022802500919445,0.9121448279178849,1.0,1.0150790731886723,QRVO
2016-08-10,0.013124316441851967,0.6779688377988154,0.98541742617572,1.0003645643456072,QRVO
2016-08-11,0.00018351991191053617,0.6086629778331305,0.9933932831712241,1.0069737566525967,QRVO
2016-08-12,-0.0003665017408833265,0.6444502279673213,0.9941359721458677,1.005497526113249,QRVO
2016-08-15,-0.022552255225522625,1.2231660525231547,1.0,1.0350201686835352,QRVO
2016-08-16,0.002346146904890732,0.7394979970375621,0.9900739938639236,1.0037899296155928,QRVO
2016-08-17,0.00818033084893648,0.7190708734188386,0.987638611161607,1.0114524631885111,QRVO
2016-08-18,-0.008771929824561476,0.720364879416736,0.9972587719298246,1.0173611111111112,QRVO
2016-08-19,-0.021249545949872765,0.7447676299736805,0.9972756992371957,1.026534689429713,QRVO
2016-08-22,0.001248884924174849,0.49005989447435555,0.9914362176628011,1.0071364852809992,QRVO
2016-08-23,0.004442075337597725,0.9547952656085835,0.993958777540867,1.006218905472637,QRVO
2016-08-24,-0.02120456165359952,1.081530763683506,0.9992872416250891,1.0320563079116178,QRVO
2016-08-25,-0.014178190092770788,0.9172294455283464,0.9980745667775249,1.0220374584281464,QRVO
2016-08-26,0.0038035961272476827,0.7128860753897391,0.9802904564315352,1.0119294605809128,QRVO
2016-08-29,-0.0039902845246356155,0.4418116419008377,0.9980916030534351,1.0085010409437891,QRVO
2016-08-30,-0.0033043478260869168,0.7484277397047546,0.9963478260869565,1.0092173913043478,QRVO
2016-08-31,0.0005221023320571029,0.895431776833552,0.9876435781413156,1.0050469892098852,QRVO
2016-09-01,-0.005046989209885122,0.8712404723630724,0.9805081796032022,1.006787330316742,QRVO
2016-09-02,0.006039689387402958,0.532120045173673,0.986194995685936,1.0065573770491802,QRVO
2016-09-06,0.03163353500432149,1.3884375998563123,0.958513396715644,1.0,QRVO
2016-09-07,-0.01764919941775835,0.9745902535313129,1.0,1.0236535662299855,QRVO
2016-09-08,0.005026027643152057,1.2250679660196386,0.9929994614970382,1.0070005385029617,QRVO
2016-09-09,0.045818181818181876,1.7269848099206857,0.9532727272727273,1.0056363636363637,QRVO
2016-09-12,-0.03384615384615381,1.1271733837540237,0.9844230769230768,1.0346153846153845,QRVO
2016-09-13,0.0016663580818366286,0.9040058055115352,0.9874097389372338,1.0103684502869839,QRVO
2016-09-14,-0.023208317861121427,1.2042306149675392,0.9948013367991088,1.0289639806906796,QRVO
2016-09-15,-0.020949972909517858,1.2220906509427742,0.997597977243995,1.0269098789958462,QRVO
2016-09-16,0.016057878948297223,2.0088551079180026,0.9701782248103052,1.0,QRVO
2016-09-19,-0.010403587443946158,0.6830292272118696,0.9965919282511211,1.015964125560538,QRVO
2016-09-20,0.030458650610943844,0.8201817488902914,0.9672392420754382,1.0012395962457943,QRVO
2016-09-21,-0.02075368651010378,0.6022975696051756,0.9963590023666484,1.021117786273439,QRVO
2016-09-22,-0.0026609898882385256,0.5111290653243762,0.9968068121341139,1.0106439595529537,QRVO
2016-09-23,0.028505665722379597,0.6926120299273627,0.9709631728045327,1.0030099150141643,QRVO
2016-09-26,0.008265980896399627,0.7081957166279986,0.983651726671565,1.004592211609111,QRVO
2016-09-27,-0.014115898959881091,0.5103014521265721,0.9899702823179791,1.0165490341753343,QRVO
2016-09-28,0.004918928766624214,0.46624412706369134,0.9870650391692476,1.0130151211513936,QRVO
2016-09-29,0.011418047882136233,1.6236565037456019,0.972744014732965,1.0097605893186004,QRVO
2016-09-30,-0.030123821844391104,1.220504254653437,0.9953797819257069,1.0388098318240622,QRVO
2016-10-03,0.02256317689530686,0.7789585722832311,0.9765342960288809,1.0133574007220216,QRVO
2016-10-04,0.0012886597938144382,0.5548433411376016,0.9952135493372607,1.0114138438880707,QRVO
2016-10-05,0.0010997067448680767,0.7800526956525171,0.9952346041055717,1.0208944281524928,QRVO
2016-10-06,-0.011330409356725229,0.6192182122900222,0.9841008771929824,1.013157894736842,QRVO
2016-10-07,-0.01925499370163758,0.9063394214345519,0.9940615439985604,1.0233939175814288,QRVO
2016-10-10,0.011818662903510224,0.4580731674880319,0.9834185923443288,1.009490209913565,QRVO
2016-10-11,0.0071530758226036936,0.6487248528871842,0.982653791130186,1.003170600858369,QRVO
2016-10-12,0.004866618601297694,0.6382065113672538,0.9846791636625812,1.0023431867339583,QRVO
2016-10-13,0.03431283080854175,0.9352111731314688,0.9620368680416135,1.003741558678591,QRVO
2016-10-14,0.0005657175183858407,0.46614391042896053,0.9977371299264567,1.0235715632660758,QRVO
2016-10-17,0.005290005667863237,0.34832659156337686,0.9937653504628755,1.0085017948233517,QRVO
2016-10-18,-0.007709665287702213,0.4505084634884086,0.9998119593832269,1.0165475742760437,QRVO
2016-10-19,-0.019317329332333103,0.36740354381748574,0.9938109527381845,1.019879969992498,QRVO
2016-10-20,-0.009380172889461195,0.62526755266998,0.996873275703513,1.014530071730734,QRVO
2016-10-21,-0.0029336266960030013,0.4572246299379213,0.9865053171983865,1.0067840117345068,QRVO
2016-10-24,-0.03598553345388792,0.9985954413944352,0.9945750452079567,1.039602169981917,QRVO
2016-10-25,0.014865337530605132,0.5444588053442624,0.9819867086393844,1.004372158097237,QRVO
2016-10-26,-0.014869222500895707,0.5332185736697603,0.9928341096381226,1.0175564313865997,QRVO
2016-10-27,0.026103714085493956,0.7974606554897634,0.9681149264190609,1.0036790469516468,QRVO
2016-10-28,0.029032258064516085,0.6192875930371435,0.9695340501792116,1.007168458781362,QRVO
2016-10-31,-0.020164986251145763,0.5468260103591394,0.9983501374885427,1.0256645279560037,QRVO
2016-11-01,-0.006288178224937144,0.6663800504661563,0.9909737693136904,1.0177865612648223,QRVO
2016-11-02,-0.005921406782702412,0.7181815884458155,0.994347748071057,1.0134577426879599,QRVO
2016-11-03,-0.012671782973407118,1.9855150942018847,0.9944672496876673,1.029448509726932,QRVO
2016-11-04,-0.0562448304383788,5.568882009987896,0.9983457402812241,1.064102564102564,QRVO
2016-11-07,0.019619269619269582,2.242913811535986,0.9665889665889666,1.0003885003885005,QRVO
2016-11-08,-0.014937263493328022,1.5074613728246165,0.9880501892053376,1.0274845648277235,QRVO
2016-11-09,-0.03435876947662802,1.114407326283703,0.9908310027966442,1.0373551737914501,QRVO
2016-11-10,0.004441011778335526,1.2515499364268217,0.9799382120100408,1.0349488318208149,QRVO
2016-11-11,-0.01114679765728327,1.1224417269285205,0.9935764216890233,1.0311732476856226,QRVO
2016-11-14,0.011063191449465522,0.7064397229568093,0.9808738046127884,1.003937746109132,QRVO
2016-11-15,-0.023562676720075403,0.7713734945721517,0.9966069745523092,1.0331762488218663,QRVO
2016-11-16,0.000734753857457736,0.7314283553783338,0.9882439382806759,1.0048126377663482,QRVO
2016-11-17,-0.017958585303280133,0.6433720731826903,0.9932197177936596,1.0186915887850467,QRVO
2016-11-18,0.002346146904890732,0.6183900484513678,0.9805089334055225,1.00931059375564,QRVO
2016-11-21,0.00758533501896324,0.48761339717705415,0.9842875203178617,1.0095719703810728,QRVO
2016-11-22,-0.0007238508867173208,0.4980271169354524,0.9900470503076366,1.0066051393412958,QRVO
2016-11-23,0.01086759644991852,0.5127892474876361,0.985872124615106,1.0007245064299946,QRVO
2016-11-25,-0.005862953462806894,0.36353529184504774,0.9827775742030048,1.0082447783070723,QRVO
2016-11-28,-0.000729660707770871,0.48957643180790705,0.995439620576432,1.015687705217074,QRVO
2016-11-29,0.004949587534372063,0.4595141945929244,0.9910174152153988,1.0040329972502293,QRVO
2016-11-30,0.019640234948605,0.6348481528220724,0.9774229074889869,1.0058737151248165,QRVO
2016-12-01,0.0632840292080134,1.0722546679215572,0.9322224302565063,1.0014042314173377,QRVO
2016-12-02,-0.012014417300760942,0.6438995871171522,0.9917901481778134,1.0204245094112936,QRVO
2016-12-05,-0.029827315541601177,0.7949045806632784,0.9960753532182103,1.0327708006279435,QRVO
2016-12-06,-0.024445707788516183,0.7381874718141597,0.9990524919461815,1.0280462383930262,QRVO
2016-12-07,-0.021111111111111122,0.9721437562340115,0.9907407407407407,1.0272222222222223,QRVO
2016-12-08,-0.05109090909090913,1.7028794054228324,1.0,1.0712727272727274,QRVO
2016-12-09,0.032876712328767155,0.7945863102518806,0.9606164383561644,1.0123287671232877,QRVO
2016-12-12,0.029922096317280416,0.6174379904214254,0.9644121813031162,1.0012393767705383,QRVO
2016-12-13,0.0025491624180626468,0.5316062972604652,0.9919883466860888,1.006190823015295,QRVO
2016-12-14,0.021365960555149645,0.6798564346331952,0.9755295836376918,1.004200146092038,QRVO
2016-12-15,-0.03129629629629625,1.1950382166148161,0.9898148148148148,1.0387037037037037,QRVO
2016-12-16,0.024089935760171332,0.9752025661567009,0.9737687366167024,1.0060670949321913,QRVO
2016-12-19,-0.009466593846714057,0.3924676140354833,0.9956308028399781,1.010376843255052,QRVO
2016-12-20,0.017235188509874343,0.5276345248081953,0.9696588868940753,1.000359066427289,QRVO
2016-12-21,-0.0025524156791248962,0.4323444737638802,0.996718322698268,1.0109389243391067,QRVO
2016-12-22,0.006491164803461944,0.39219229361039876,0.98918139199423,1.0061305445366029,QRVO
2016-12-23,-0.0078039927404718636,0.5909769443665488,0.9960072595281307,1.0087114337568057,QRVO
2016-12-27,-0.002889129649692968,0.4105897550553989,0.9983748645720476,1.0139039364391476,QRVO
2016-12-28,0.0153015301530152,0.5861825144841264,0.9722772277227723,1.0036003600360037,QRVO
2016-12-29,0.015788507435285468,0.5412138788142158,0.9711767945658161,1.0017661097852029,QRVO
2016-12-30,0.01897674418604657,0.673526267419651,0.9683720930232558,1.0010920930232559,QRVO
2017-01-03,0.005265137269650266,1.0138641615287745,0.9800676946220384,1.0144791274915381,QRVO
2017-01-04,-0.0286846574825438,0.8280393938222046,0.995282128703529,1.0296282317418382,QRVO
2017-01-05,0.012583271650629158,0.7397121963282779,0.977239082161362,1.0088823094004442,QRVO
2017-01-06,-0.004850746268656679,0.5192669864490255,0.9904850746268657,1.0151119402985074,QRVO
2017-01-09,-0.008532739751437597,0.689975561536753,1.0,1.0267111853088482,QRVO
2017-01-10,-0.03619327576704021,1.0861666090010798,1.0,1.039500275583318,QRVO
2017-01-11,-0.007985803016858842,0.6096321057294282,0.9849157054125998,1.00905057675244,QRVO
2017-01-12,-0.013913663931501981,0.8932292134328755,0.9876917588298251,1.0156974669996433,QRVO
2017-01-13,-0.031525184924269097,0.8803882688069319,0.9973582247270166,1.0387460373370905,QRVO
2017-01-17,0.013268998793727437,1.1382016187012107,0.9805273134585559,1.014475271411339,QRVO
2017-01-18,-0.025476603119584034,0.8633442825716474,0.9987868284228769,1.0275563258232234,QRVO
2017-01-19,0.014867376245987421,1.2150380429338083,0.9817536746071972,1.0103057948977867,QRVO
2017-01-20,-0.01632245169886749,1.8835490734901192,0.9911725516322452,1.0276482345103266,QRVO
2017-01-23,-0.015265922521339457,1.224857621214874,1.0,1.0195338148391333,QRVO
2017-01-24,-0.005631536604987955,1.3408737938595545,0.9962992759452937,1.015124698310539,QRVO
2017-01-25,-0.014414699825756433,1.014820074044668,0.9908126089022651,1.0150483130049104,QRVO
2017-01-26,0.005651491365777071,1.1602812155112916,0.9858712715855572,1.0076923076923077,QRVO
2017-01-27,-0.0012584552461852806,0.6247516021933716,0.9893031304074249,1.0061349693251533,QRVO
2017-01-30,-0.012122166246851434,1.7346475279916391,0.9919710327455918,1.0155856423173804,QRVO
2017-01-31,-0.005795739348370775,1.0707767478797032,0.9912280701754386,1.0090852130325814,QRVO
2017-02-01,0.00920951650038386,2.2852437762518862,0.9722179585571757,1.012586339217191,QRVO
2017-02-02,-0.03276817737202475,3.016332936866516,0.9964134333224649,1.070916204760352,QRVO
2017-02-03,-0.00787897888433659,0.8586555757324574,0.9984242042231326,1.0184368105893475,QRVO
2017-02-06,-0.013702945345723696,1.104430815360339,0.9971649078595054,1.0137029453457238,QRVO
2017-02-07,-0.00605966438781853,0.7001695755959337,0.9973586078309509,1.0107209446861405,QRVO
2017-02-08,-0.019559525643000092,0.9610621091243582,0.9941475435083935,1.020329585707685,QRVO
2017-02-09,-0.0022682594888856146,0.7186474306050585,0.991531831241494,1.0040828670799942,QRVO
2017-02-10,0.0007539203860071949,0.5524557624112684,0.988841978287093,1.0015078407720146,QRVO
2017-02-13,-0.0009026628554235336,0.5977801120703882,0.9944335790582217,1.0109823980743193,QRVO
2017-02-14,0.000751992780869261,0.5489228507165833,0.9898480974582644,1.0037599639043464,QRVO
2017-02-15,-0.011291779584462511,0.4324898429483248,0.9958145137006925,1.0149051490514904,QRVO
2017-02-16,0.001635444543562287,0.461248162630107,0.9867677668748142,1.0062444246208742,QRVO
2017-02-17,-0.003288490284005962,0.9298820709835323,0.9844544095665171,1.0104633781763825,QRVO
2017-02-21,-0.008056094286140415,1.5188453217610127,0.997314635237953,1.013725197672684,QRVO
2017-02-22,0.00014801657785679567,0.6342677773659942,0.9949289520426287,1.016281823564239,QRVO
2017-02-23,0.012055277859453003,0.7241505352616486,0.9760364598647457,1.0041164363422523,QRVO
2017-02-24,0.002712068705740648,0.8671602236633194,0.9670031640801567,1.0028627391893927,QRVO
2017-02-27,-0.020217260108630106,0.7118596808450239,0.9897404948702473,1.02082076041038,QRVO
2017-02-28,0.02233397426416218,0.7254577566399502,0.9751516047921907,1.00133116402899,QRVO
2017-03-01,-0.020300751879699163,0.7459817930483034,0.9959398496240602,1.0225563909774436,QRVO
2017-03-02,0.02793706807822387,0.662181413983617,0.9713277459197176,1.0005881488016466,QRVO
2017-03-03,-0.00030216044719740177,0.5074419741916438,0.9936546306088533,1.00951805408672,QRVO
2017-03-06,-0.008196721311475506,0.9431541673951583,0.995142683667274,1.0107771706132362,QRVO
2017-03-07,-0.009965272535104885,0.9230541244414352,0.9959232975992751,1.0172127434697267,QRVO
2017-03-08,0.0030030030030028325,0.6827037984694196,0.9908078078078077,1.0115615615615616,QRVO
2017-03-09,-0.005430683360989582,0.4525915378245984,0.9880826670689394,1.0125207421933926,QRVO
2017-03-10,-0.003889304412864699,0.5574996325988174,0.9964098728496635,1.011817501869858,QRVO
2017-03-13,-0.00819305824519606,0.48052389623112685,0.9996275882615822,1.0098316698942351,QRVO
2017-03-14,-0.005930318754632935,0.7149928272824861,0.9903632320237212,1.0108228317272054,QRVO
2017-03-15,-0.008925958443078716,0.8898185440069281,0.9875621890547263,1.0114135206321335,QRVO
2017-03-16,0.007131421918206883,1.1045211204597667,0.9767137243487121,1.0048027943530784,QRVO
2017-03-17,0.013462101258413838,1.246904730214795,0.9854404448346502,1.0,QRVO
2017-03-20,-0.005654761904761837,0.5728327777126264,0.9895848214285714,1.0117559523809523,QRVO
2017-03-21,0.033480825958702005,1.0921482205564668,0.9637168141592921,1.0007227138643067,QRVO
2017-03-22,-0.016501145912910593,0.7586316652992384,0.9899159663865547,1.0220015278838808,QRVO
2017-03-23,-0.005718585402558246,0.5207746410967885,0.9960872836719337,1.0142964635063958,QRVO
2017-03-24,-0.004604188326154794,0.4954765485174691,0.998514777959305,1.0118817763255605,QRVO
2017-03-27,-0.02105734767025106,0.5890502520318072,0.9882019115890085,1.0218040621266429,QRVO
2017-03-28,-0.0020554984583761645,0.5228367910806718,0.9939436206137132,1.0107179562472473,QRVO
2017-03-29,0.003963593658250297,0.5940809068389521,0.9894304169113329,1.003596594245449,QRVO
2017-03-30,-0.015732980444052243,0.8789896410475023,0.997500367593001,1.0249963240699895,QRVO
2017-03-31,0.008675534991324384,0.5840471292671706,0.9910352805089648,1.0,QRVO
2017-04-03,0.007438739789965069,0.8176719278952206,0.9781213535589265,1.0052508751458575,QRVO
2017-04-04,-0.010949985202722624,0.63643565039311,0.9931932524415509,1.0145013317549572,QRVO
2017-04-05,-0.0026308097047645805,0.9694770025966425,1.0,1.0211926337328268,QRVO
2017-04-06,-0.01109003356194375,0.6939688089821794,0.995768276667153,1.0128410914927768,QRVO
2017-04-07,-0.02840253748558245,1.5993721409714436,0.9992070357554788,1.0367647058823528,QRVO
2017-04-10,0.008143779837124379,1.0382718678533704,0.9915754001684921,1.016849199663016,QRVO
2017-04-11,-0.006307339449541251,1.235439837073424,0.9800745412844036,1.0067373853211008,QRVO
2017-04-12,0.020931225971806904,0.756406525623705,0.97707532393564,1.0029901751388295,QRVO
2017-04-13,-0.0014624159110852373,1.1185123538217137,0.9961245978356245,1.0171088037437848,QRVO
2017-04-17,-0.00802685347343837,0.5175054863693346,1.0,1.0102159953298306,QRVO
2017-04-18,-0.010315269504576608,0.553630279344679,0.9963678628505013,1.0114775533924163,QRVO
2017-04-19,0.0015691868758915754,0.5216887049080693,0.9964336661911555,1.0155492154065622,QRVO
2017-04-20,-0.005948165982155526,0.4778268573469986,0.9913609970259171,1.0103384789689847,QRVO
2017-04-21,0.010297644237551192,0.6875461341058068,0.9894202285230639,1.0001410636196926,QRVO
2017-04-24,0.005328098710039197,0.44930311066738843,0.9932697700504769,1.0046270330902973,QRVO
2017-04-25,0.002099076406381073,0.7440842846786206,0.996095717884131,1.0043380912398545,QRVO
2017-04-26,0.0046283309957924025,0.5819139466136154,0.9854137447405331,1.0035161290322583,QRVO
2017-04-27,0.002524544179523038,0.7682893551703545,0.9925666199158485,1.0049088359046285,QRVO
2017-04-28,0.032840489053170344,1.569315410164963,0.9611885129371623,1.0001421666192776,QRVO
2017-05-01,-0.00512745385291524,0.632014004366252,0.9920890711983591,1.0101084090243186,QRVO
2017-05-02,0.0027725083904858853,0.7126751799441244,0.9820516562089595,1.0,QRVO
2017-05-03,-0.0022091310751103307,1.2431003525809767,0.9941089837997054,1.0079528718703976,QRVO
2017-05-04,-0.002243158366980581,2.466828609412154,0.993719156572454,1.0465081501420668,QRVO
2017-05-05,0.005500222982012641,0.9015455421929796,0.9791883454734652,1.001040582726327,QRVO
2017-05-08,0.017656740984587648,0.8769605295146291,0.9784527906628759,1.0032919347598384,QRVO
2017-05-09,-0.005318340677708469,0.9898975185251639,0.9975687585473333,1.0164108798055007,QRVO
2017-05-10,-0.006479807112718608,0.6070936514101486,0.9906570223025919,1.0079113924050633,QRVO
2017-05-11,-0.007668019846639466,0.830232045687578,0.9899263268681401,1.0084197864982707,QRVO
2017-05-12,-0.013907581875280283,0.9597427736473529,0.9995080005981756,1.0142066696575442,QRVO
2017-05-15,-0.06363366042224206,2.494276954511384,1.0,1.072375854891466,QRVO
2017-05-16,-0.043357033319392155,1.7525367479319331,0.9990938240624565,1.0444723267809841,QRVO
2017-05-17,0.01680672268907556,1.5227069660432486,0.9826511249661155,1.01097858498238,QRVO
2017-05-18,-0.0469789356984479,1.8718391451704228,0.9943181818181819,1.0529379157427938,QRVO
2017-05-19,0.00762255224076749,1.151402682443165,0.9888290182678406,1.0053226442370877,QRVO
2017-05-22,-0.03021905515967263,1.6265473682089897,0.9995381367115335,1.0402480865663764,QRVO
2017-05-23,-0.003705596728852441,1.0231286938328699,0.9757219524661385,1.0044722719141324,QRVO
2017-05-24,0.005329272934906759,0.9617102134050072,0.9817282070803198,1.0049486105824135,QRVO
2017-05-25,-0.0022886204704385582,1.0505698806010475,0.989828353464717,1.0085988556897647,QRVO
2017-05-26,0.012934313974131322,0.7430870740989644,0.9860512300278976,1.0002523459294954,QRVO
2017-05-30,-0.012096255308197298,1.0344944716212103,0.9965255436880711,1.0178870158280788,QRVO
2017-05-31,0.012416064867604255,0.7759680418259627,0.9780818446724946,1.0051818066641327,QRVO
2017-06-01,-0.012680927372870618,0.7079462763228721,0.9941078519277572,1.0126809273728705,QRVO
2017-06-02,0.0,0.8663628957122744,0.9823939202026599,1.0020265991133628,QRVO
2017-06-05,0.01766425212860593,0.7950984062425379,0.9787774812555597,1.0050832380226205,QRVO
2017-06-06,-0.005318458944091277,0.589655406326143,0.9902711116876378,1.0145284732131274,QRVO
2017-06-07,-0.0028405422853453694,0.6239614325733789,0.9952227243382827,1.0118786313750807,QRVO
2017-06-08,-0.000769033581133072,0.7958197457562595,0.9823122276339401,1.002050756216355,QRVO
2017-06-09,0.03227050655695558,1.1497568169420094,0.9435587554641296,1.0155566983800461,QRVO
2017-06-12,-0.005795148247978337,1.1973387940868225,0.9595687331536388,1.0075471698113208,QRVO
2017-06-13,0.005197228144989346,0.6317408865045682,0.990138592750533,1.0179904051172708,QRVO
2017-06-14,0.037239722370528645,1.1747052525814714,0.9460758142018152,1.0052055525894288,QRVO
2017-06-15,-0.013144876325088435,1.5175738920379722,0.9933568904593639,1.0219081272084805,QRVO
2017-06-16,0.004580152671755702,0.9278672761127634,0.9886190145732131,1.003886190145732,QRVO
2017-06-19,-0.0023516392308754667,0.955054066808163,0.9932217457462995,1.0074699128510167,QRVO
2017-06-20,0.019238754325259524,0.5756817934714015,0.9796539792387543,1.003598615916955,QRVO
2017-06-21,0.0016830294530152923,0.7249203311701851,0.9904628330995794,1.01234221598878,QRVO
2017-06-22,0.00857946554149085,0.5996302653269564,0.9750351617440226,1.0002812939521801,QRVO
2017-06-23,0.010889548861547109,1.4777614572890452,0.9869891104511386,1.0011313816999012,QRVO
2017-06-26,0.050607576840600514,1.8285235333327199,0.9451036454610435,1.0067190850607577,QRVO
2017-06-27,0.02406174334140441,1.376454553674932,0.9700363196125907,1.0039346246973366,QRVO
2017-06-28,-0.013523897341324876,1.300886805961124,0.9805747656370064,1.0172122329798678,QRVO
2017-06-29,0.019521122464541515,1.0778557866494773,0.9612627726094252,1.0027451578465763,QRVO
2017-06-30,0.017532971295578008,0.8727211456091771,0.9784328937160589,1.0054305663304888,QRVO
2017-07-03,0.007717750826901905,0.44446738272120334,0.9872420853677745,1.0072452354701529,QRVO
2017-07-05,-0.025067002995427974,1.2476310254961682,0.9988964212517736,1.0301119344158916,QRVO
2017-07-06,0.001092384519350705,1.0821083859353335,0.9923533083645444,1.015605493133583,QRVO
2017-07-07,-0.022353306426575563,1.0731164208520718,0.997826761875194,1.0285625582117355,QRVO
2017-07-10,0.009448338921060721,1.1019441212809753,0.9748552270649191,1.005486132276745,QRVO
2017-07-11,-0.014463763655947254,0.5493749268545721,0.9975780889367596,1.0178488998307433,QRVO
2017-07-12,-0.017800573238799102,1.3120383844587489,0.9915522703273495,1.0229295519686226,QRVO
2017-07-13,-0.0010401188707281931,1.1945817353500259,0.9854383358098068,1.0071322436849925,QRVO
2017-07-14,0.005759858218874621,0.4347381095395653,0.9929109437306161,1.005464480874317,QRVO
2017-07-17,0.004457652303120315,0.6589530066790754,0.9897473997028232,1.0037147102526003,QRVO
2017-07-18,-0.0013454925997907522,0.5007291115872322,0.9890865600239198,1.0041859769771266,QRVO
2017-07-19,-0.005799256505576216,0.5019790663171161,0.9942007434944238,1.0066914498141264,QRVO
2017-07-20,-0.014766686355581808,0.6619121506078842,0.9899586532782044,1.0183106910809214,QRVO
2017-07-21,-0.008294528521536778,0.8609737737116694,0.9825378346915017,1.010186263096624,QRVO
2017-07-24,0.001587759815242486,0.9046148142918222,0.9930715935334873,1.003175519630485,QRVO
2017-07-25,-0.00137283236994218,0.5925550810431335,0.9885375722543353,1.007657514450867,QRVO
2017-07-26,-0.0001438228102977868,0.41140250095024855,0.9920897454336258,1.0106428879620306,QRVO
2017-07-27,0.007469118069520399,1.1145587525174996,0.9813990232691755,1.000574547543809,QRVO
2017-07-28,-0.0018876143458689625,0.4346560640528901,0.9927399448235806,1.0069696529693624,QRVO
2017-07-31,0.009105362046538452,0.7975283843143343,0.9832345714698656,1.00101170689406,QRVO
2017-08-01,0.008737439930100604,0.7689589344441601,0.9855832241153343,1.0,QRVO
2017-08-02,0.03618278794868106,1.2466943854100305,0.9605016577771369,1.0,QRVO
2017-08-03,-0.008898944193061892,1.3540627435028052,0.9758672699849171,1.0403469079939667,QRVO
2017-08-04,0.0011994002998500493,0.5317169760713492,0.9928035982008995,1.020989505247376,QRVO
2017-08-07,-0.029631846752469382,0.7526561107932032,1.0,1.0353187668362769,QRVO
2017-08-08,-0.010963309457681626,0.7538592610508227,0.9875018272182431,1.02031866686157,QRVO
2017-08-09,-0.003633192849876471,0.4765378071167527,0.9938962360122076,1.0088649905536986,QRVO
2017-08-10,0.012674825174825242,0.7036688981987584,0.9832459207459207,1.000437062937063,QRVO
2017-08-11,-0.01817644451012271,0.5291383249700071,0.9875868183833308,1.020393084084528,QRVO
2017-08-14,-0.027034800115041634,0.8468046833551178,0.9994247914869139,1.0297670405522001,QRVO
2017-08-15,-0.005887300252312892,0.9329012347650094,0.9872441827866555,1.0134566862910008,QRVO
2017-08-16,-0.0072322670375521,0.7056688257665726,0.9938803894297634,1.0079276773296244,QRVO
2017-08-17,0.012758285952017775,0.7646336505660817,0.9868256829843295,1.008667313826099,QRVO
2017-08-18,0.02844791521405651,0.7076715065386376,0.9705773253381677,1.001394505647748,QRVO
2017-08-21,0.0041654696926171535,0.45596421303188417,0.9841999425452455,1.0051709278942833,QRVO
2017-08-22,-0.01821049612847735,0.4443247667410095,0.9995698308001147,1.0196443934614283,QRVO
2017-08-23,-0.0019849709343541834,0.41438642371731493,0.9931958032043102,1.0051042109740536,QRVO
2017-08-24,0.010424003380757782,0.4556806329940471,0.9878856176926327,1.0029581631215665,QRVO
2017-08-25,-0.0058139534883722465,0.4611578575306792,0.995459444129325,1.0104934770277936,QRVO
2017-08-28,0.007730147575544783,0.39759187778715704,0.9846802529866479,1.0,QRVO
2017-08-29,-0.007867257903018126,0.28119686423756024,0.9914175368330712,1.0111572021170077,QRVO
2017-08-30,-0.03335217637083097,0.4581293328547491,0.9980214810627474,1.0340587902769927,QRVO
2017-08-31,-0.0004098920617570862,0.4465493557756927,0.9949446645716628,1.0064216423008607,QRVO
2017-09-01,0.0017713584957078001,0.38710327087313584,0.995639732933642,1.0114457010491893,QRVO
2017-09-05,-0.0061703002879471905,0.47953549590507333,0.9905388728918139,1.0145344851227203,QRVO
2017-09-06,-0.0006824075337791342,0.3997702129904261,0.9831445339156545,1.0096219462262863,QRVO
2017-09-07,0.0025882032420650827,1.1049236389212405,0.9963220269718023,1.0313308813513145,QRVO
2017-09-08,0.022922636103151952,0.3893383220839723,0.9747578114340291,1.0015008868877064,QRVO
2017-09-11,-0.004008847110865248,0.42973388549322844,0.9972352778545756,1.0113353607962399,QRVO
2017-09-12,-0.0006858710562413875,0.5038402323906876,0.9951989026063099,1.0101508916323731,QRVO
2017-09-13,-0.0015089163237311306,0.2877891364957848,0.9919067215363511,1.0046639231824415,QRVO
2017-09-14,-0.012679162072767388,0.35530926818437136,1.0,1.0293550165380374,QRVO
2017-09-15,-0.028894643587297125,0.7934426292060794,0.9980237154150197,1.029712416519013,QRVO
2017-09-18,0.015231788079470274,0.5510984327156014,0.9827814569536424,1.0128476821192052,QRVO
2017-09-19,0.0016120365394949564,0.35564295653957384,0.9891859215475551,1.0022837184309512,QRVO
2017-09-20,0.05356662180349938,1.2233901633491735,0.9411843876177659,1.0002691790040377,QRVO
2017-09-21,-0.005697194131890126,0.9105220893324365,0.9836205668708162,1.0072639225181599,QRVO
2017-09-22,-0.011651037226484903,0.5702761522452913,0.9978687127024725,1.0169082125603865,QRVO
2017-09-25,0.02802944507361274,1.0642874454604603,0.966308040770102,1.0,QRVO
2017-09-26,0.011014492753623262,0.6130240533664699,0.9811231884057972,1.0053623188405798,QRVO
2017-09-27,-0.014733497038855929,0.5735100659583344,0.9916221291347682,1.0222446916076844,QRVO
2017-09-28,0.0007117437722419524,0.4864647603636014,0.9903202846975088,1.0066903914590748,QRVO
2017-09-29,-0.006837606837606894,0.5618953985057175,0.986039886039886,1.0126780626780627,QRVO
2017-10-02,-0.006352343308865088,0.44132157154418716,1.0,1.0172219085262564,QRVO
2017-10-03,0.0018176733780759992,0.2359980606922789,0.9930089485458613,1.0033557046979866,QRVO
2017-10-04,-0.016051816389749375,0.3539343179814991,0.9930723739791609,1.016192621796677,QRVO
2017-10-05,0.0074750830564782956,0.4184055512826993,0.984357696566999,1.00609080841639,QRVO
2017-10-06,-0.014656616415410346,0.33435297870863534,1.0,1.0161920714684534,QRVO
2017-10-09,-0.00013764624913958576,0.23025212342076426,0.9925671025464555,1.0039917412250514,QRVO
2017-10-10,0.012508591065292049,0.5432457435513398,0.9760824742268042,1.0008247422680412,QRVO
2017-10-11,-0.0144645340751042,0.4622475757731639,1.0,1.015299026425591,QRVO
2017-10-12,0.004950495049504943,0.6789522823572175,0.9936757425742574,1.0048129812981297,QRVO
2017-10-13,0.0026178010471203878,0.36540306560882135,0.9931110498759989,1.006200055111601,QRVO
2017-10-16,-0.003597620035976271,0.3972488285375017,0.9980628199806282,1.006503390065034,QRVO
2017-10-17,0.0034473248758963046,0.5621404336840427,0.98703805846663,1.009238830667402,QRVO
2017-10-18,0.0034592500345925004,0.44222407189761437,0.9811816798118168,1.0010377750103778,QRVO
2017-10-19,0.025454545454545358,0.8789191590186807,0.9667132867132868,1.0,QRVO
2017-10-20,0.0029944388991871348,0.42926198628463347,0.9941537145301583,1.0059888777983745,QRVO
2017-10-23,0.003995433789954354,0.6408534419340167,0.9917237442922374,1.0064212328767124,QRVO
2017-10-24,-0.018970189701896994,0.6720031948280834,0.9951504778205676,1.0221081158180003,QRVO
2017-10-25,0.0002785515320333708,0.8041096437555554,0.9931754874651811,1.0221448467966574,QRVO
2017-10-26,0.007902398447247931,0.3276632430199308,0.9905032580063774,1.0054069042007487,QRVO
2017-10-27,-0.013472642287599725,0.6813431649286518,0.9788287049766292,1.0140225460544405,QRVO
2017-10-30,-0.030126992704674466,0.8922193381136654,0.9963523372061606,1.0347203458524723,QRVO
2017-10-31,0.008371484630477443,0.7804866006424503,0.9846958796599085,1.0079136690647483,QRVO
2017-11-01,0.02232142857142861,1.0754505874159388,0.9698004201680672,1.0056460084033614,QRVO
2017-11-02,-0.03582880245364552,1.4384523082771725,0.9924717691342534,1.0429387982712952,QRVO
2017-11-03,0.006859448554135722,1.5987857084660135,0.9647612642905179,1.0017484868863484,QRVO
2017-11-06,-0.06383843860124687,1.7034361033223535,0.9957983193277311,1.0703442667389536,QRVO
2017-11-07,-0.011343129672595972,0.9684071074247639,0.988656870327404,1.0309358081979894,QRVO
2017-11-08,-0.02981651376146775,0.9452658750555568,0.9952854230377166,1.0313455657492354,QRVO
2017-11-09,0.012549701789264477,0.8055209362545389,0.9731610337972165,1.0059642147117296,QRVO
2017-11-10,0.020073891625615882,0.5113911703690567,0.9732758620689655,1.0,QRVO
2017-11-13,0.0010106114199090234,0.5542706746534257,0.9924204143506823,1.009600808489136,QRVO
2017-11-14,0.00746835443037979,0.4318417386676758,0.9882278481012657,1.009873417721519,QRVO
2017-11-15,0.020189113212369002,0.6214383961979041,0.9753386148734985,1.001405571173013,QRVO
2017-11-16,-0.011161583387410766,0.48047103470951064,0.9992212848799481,1.0144062297209604,QRVO
2017-11-17,0.00909789851358288,0.5104881193747793,0.9825730394669401,1.0045720143516144,QRVO
2017-11-20,-0.01984536082474235,0.4001011481413777,1.0,1.0210051546391754,QRVO
2017-11-21,-0.014093368566754808,0.6481907312625201,0.9991191644645779,1.0172392097646912,QRVO
2017-11-22,0.011547057362801176,0.35096526251738724,0.9846039235162651,1.002151725850509,QRVO
2017-11-24,-0.010909090909090965,0.13143466709026577,1.0,1.0112852664576804,QRVO
2017-11-27,0.003250000000000064,0.4988084763018424,0.9902625,1.0053750000000001,QRVO
2017-11-28,0.012001500187523363,0.6172177340813578,0.9725453181647706,1.0001250156269534,QRVO
2017-11-29,0.028871723439280756,0.8268268826701323,0.9531467645941496,1.0017095099404838,QRVO
2017-11-30,0.0040317336454675804,0.6895691885893281,0.9907010014306151,1.0078033554428403,QRVO
2017-12-01,0.024707583125246544,1.1700677553413472,0.9417794716782757,1.0027598896044156,QRVO
2017-12-04,0.0315676832530765,1.217856773445824,0.9610754414125199,1.0073568753344033,QRVO
2017-12-05,0.0036091060521932965,1.0255393994749102,0.9832037756801776,1.0169350360910605,QRVO
2017-12-06,-0.0014285714285713475,1.9677536229388297,0.9647142857142857,1.0144285714285715,QRVO
2017-12-07,0.03928421641269401,1.0268124811205013,0.9555431287571647,1.000419404445687,QRVO
2017-12-08,0.020207852193995464,1.1838585554338326,0.9766166281755195,1.0012990762124712,QRVO
2017-12-11,-0.014488468361916085,0.8584347687515396,1.0,1.018628030751035,QRVO
2017-12-12,0.0061664953751284935,1.0537481795882235,0.976655410365585,1.0051387461459402,QRVO
2017-12-13,0.012474317581449873,0.8619054580301555,0.9841502788376871,1.0138685060170236,QRVO
2017-12-14,0.029315476190476173,1.0967741543387375,0.9703869047619046,1.0019345238095236,QRVO
2017-12-15,0.0006100350770168072,2.2933266332915188,0.9870367546133904,1.0088455086167456,QRVO
2017-12-18,-0.015909090909090866,1.004436088892179,0.9893939393939394,1.020151515151515,QRVO
2017-12-19,-0.0005992509363296817,0.48372697405656057,0.9942322097378277,1.0079400749063672,QRVO
2017-12-20,0.002231478726569558,0.4652672901954913,0.9837845879202618,1.004462957453139,QRVO
2017-12-21,-0.0034200743494424385,0.5029503967768144,0.9971747211895912,1.0044609665427509,QRVO
2017-12-22,-0.0029634019854793726,0.4833272087993378,0.9979256186101645,1.0106682471477255,QRVO
2017-12-26,-0.0009113001215067173,0.6939985435880884,0.9801032806804374,1.0280984204131227,QRVO
2017-12-27,-0.015245283018868001,0.625208634099012,0.9959245283018868,1.026264150943396,QRVO
2017-12-28,0.0022218930528811387,0.46821707322984724,0.9902236705673232,1.0057769219374908,QRVO
2017-12-29,0.011282660332541643,0.39357990855282493,0.9884204275534442,1.0031175771971494,QRVO
2018-01-02,-0.027139874739039564,0.7410794375592478,0.9853862212943632,1.0284819564569043,QRVO
2018-01-03,0.009988419224087981,0.8550224474030416,0.9863925883034164,1.0134264620729587,QRVO
2018-01-04,-0.00043674479545787067,0.7419472475391143,0.991265104090843,1.017324210219828,QRVO
2018-01-05,0.0149145670431509,0.8570328371470091,0.9834926151172894,1.0054778453518678,QRVO
2018-01-08,-0.013993224333480672,0.7654392381298791,0.9911621741051702,1.0159080866106938,QRVO
2018-01-09,0.002024877061035588,0.8334400792806633,0.9898756146948221,1.0120046282904251,QRVO
2018-01-10,0.01397379912663767,0.9314679166320192,0.9803493449781658,1.004075691411936,QRVO
2018-01-11,-0.012941176470588168,0.562952078297192,0.9951470588235294,1.0204411764705883,QRVO
2018-01-12,-0.0277777777777778,0.8931598326857543,0.993995949074074,1.0305266203703705,QRVO
2018-01-16,0.02900378310214386,0.6544272895315355,0.9655261314277707,1.0033627574611181,QRVO
2018-01-17,-0.019864689794155687,0.5648187507792652,0.9978407945875917,1.023319418454009,QRVO
2018-01-18,0.0019762845849802453,0.6792980848111237,0.9964709203839639,1.0162337662337662,QRVO
2018-01-19,0.02978723404255311,1.5529811999855463,0.9521985815602836,1.0,QRVO
2018-01-22,0.02613035819142691,1.7377399270061888,0.9624192601291838,1.0058719906048148,QRVO
2018-01-23,-0.013245033112582714,1.1730973812989778,0.9948826008428657,1.0203190848886214,QRVO
2018-01-24,-0.0020970641102456646,1.5406325282796538,0.9856201318154583,1.0168514080287598,QRVO
2018-01-25,0.0207530388378297,1.0544161069394786,0.9742069374444116,1.0008894159501927,QRVO
2018-01-26,-0.022884673291177295,1.0638227045829176,0.9951821740439626,1.0228846732911774,QRVO
2018-01-29,-0.012923351158645345,1.2588927321638268,0.9997029114676174,1.01678550207962,QRVO
2018-01-30,-0.04727326615293417,3.3734929089483057,0.998814463544754,1.1126259632483697,QRVO
2018-01-31,-0.0037762237762237207,2.1623869923255548,0.9773426573426572,1.0062937062937063,QRVO
2018-02-01,-0.05068078668683826,5.887122136138883,0.9819717599596571,1.0746343923348463,QRVO
2018-02-02,0.019900497512437818,2.24787618687771,0.9782793350321564,1.0179589855600049,QRVO
2018-02-05,0.05760598503740654,2.608013474036364,0.9395261845386532,1.022069825436409,QRVO
2018-02-06,-0.05440725430057339,2.123922526377842,0.9882651020136018,1.056807574343246,QRVO
2018-02-07,0.008380952380952338,1.9927830027832667,0.9913650793650792,1.016126984126984,QRVO
